meeting_date,dissent_text
2002-09-24,"Edward M. Gramlich and Robert D. McTeer, Jr."
2003-06-25,Robert T. Parry. President Parry preferred a 50 basis point reduction in the target for the federal funds rate.
2005-09-20,"Mark W. Olson, who preferred no change in the federal funds rate target at this meeting."
2006-08-08,"Jeffrey M. Lacker, who preferred an increase of 25 basis points in the federal funds rate target at this meeting."
2006-09-20,"Jeffrey M. Lacker, who preferred an increase of 25 basis points in the federal funds rate target at this meeting."
2006-10-25,"Jeffrey M. Lacker, who preferred an increase of 25 basis points in the federal funds rate target at this meeting."
2006-12-12,"Jeffrey M. Lacker, who preferred an increase of 25 basis points in the federal funds rate target at this meeting."
2007-10-31,"Thomas M. Hoenig, who preferred no change in the federal funds rate at this meeting."
2007-12-11,"Eric S. Rosengren, who preferred to lower the target for the federal funds rate by 50 basis points at this meeting."
2008-01-30,"Richard W. Fisher, who preferred no change in the target for the federal funds rate at this meeting."
2008-03-18,"Richard W. Fisher and Charles I. Plosser, who preferred less aggressive action at this meeting."
2008-04-30,"Richard W. Fisher and Charles I. Plosser, who preferred no change in the target for the federal funds rate at this meeting."
2008-06-25,"Richard W. Fisher, who preferred an increase in the target for the federal funds rate at this meeting."
2008-08-05,"Richard W. Fisher, who preferred an increase in the target for the federal funds rate at this meeting."
2009-01-28,"Jeffrey M. Lacker, who preferred to expand the monetary base at this time by purchasing U.S. Treasury securities rather than through targeted credit programs."
2010-01-27,"Thomas M. Hoenig, who believed that economic and financial conditions had changed sufficiently that the expectation of exceptionally low levels of the federal funds rate for an extended period was no longer warranted."
2010-03-16,"Thomas M. Hoenig, who believed that continuing to express the expectation of exceptionally low levels of the federal funds rate for an extended period was no longer warranted because it could lead to the buildup of financial imbalances and increase risks to longer-run macroeconomic and financial stability."
2010-04-28,"Thomas M. Hoenig, who believed that continuing to express the expectation of exceptionally low levels of the federal funds rate for an extended period was no longer warranted because it could lead to a build-up of future imbalances and increase risks to longer run macroeconomic and financial stability, while limiting the Committee's flexibility to begin raising rates modestly."
2010-06-23,"Thomas M. Hoenig, who believed that continuing to express the expectation of exceptionally low levels of the federal funds rate for an extended period was no longer warranted because it could lead to a build-up of future imbalances and increase risks to longer-run macroeconomic and financial stability, while limiting the Committee's flexibility to begin raising rates modestly."
2010-08-10,"Thomas M. Hoenig, who judges that the economy is recovering modestly, as projected. Accordingly, he believed that continuing to express the expectation of exceptionally low levels of the federal funds rate for an extended period was no longer warranted and limits the Committee's ability to adjust policy when needed. In addition, Mr. Hoenig did not believe that keeping constant the size of the Federal Reserve's holdings of longer-term securities at their current level was required."
2010-09-21,"Thomas M. Hoenig, who judged that the economy continues to recover at a moderate pace. Accordingly, he believed that continuing to express the expectation of exceptionally low levels of the federal funds rate for an extended period was no longer warranted and will lead to future imbalances that undermine stable long-run growth. In addition, Mr. Hoenig did not believe that continuing to reinvest principal payments from its securities holdings was required."
2010-11-03,"Thomas M. Hoenig. Mr. Hoenig believed the risks of additional securities purchases outweighed the benefits. Mr. Hoenig also was concerned that this continued high level of monetary accommodation increased the risks of future financial imbalances and, over time, would cause an increase in long-term inflation expectations that could destabilize the economy."
2010-12-14,"Thomas M. Hoenig. In light of the improving economy, Mr. Hoenig was concerned that a continued high level of monetary accommodation would increase the risks of future economic and financial imbalances and, over time, would cause an increase in long-term inflation expectations that could destabilize the economy."
2011-08-09,"Richard W. Fisher, Narayana Kocherlakota, and Charles I. Plosser, who would have preferred to continue to describe economic conditions as likely to warrant exceptionally low levels for the federal funds rate for an extended period."
2011-09-21,"Richard W. Fisher, Narayana Kocherlakota, and Charles I. Plosser, who did not support additional policy accommodation at this time."
2011-11-02,"Charles L. Evans, who supported additional policy accommodation at this time."
2011-12-13,"Charles L. Evans, who supported additional policy accommodation at this time."
2012-01-25,"Jeffrey M. Lacker, who preferred to omit the description of the time period over which economic conditions are likely to warrant exceptionally low levels of the federal funds rate."
2012-03-13,"Jeffrey M. Lacker, who does not anticipate that economic conditions are likely to warrant exceptionally low levels of the federal funds rate through late 2014."
2012-04-25,"Jeffrey M. Lacker, who does not anticipate that economic conditions are likely to warrant exceptionally low levels of the federal funds rate through late 2014."
2012-06-20,"Jeffrey M. Lacker, who opposed continuation of the maturity extension program."
2012-08-01,"Jeffrey M. Lacker, who preferred to omit the description of the time period over which economic conditions are likely to warrant an exceptionally low level of the federal funds rate."
2012-09-13,"Jeffrey M. Lacker, who opposed additional asset purchases and preferred to omit the description of the time period over which exceptionally low levels for the federal funds rate are likely to be warranted."
2012-10-24,"Jeffrey M. Lacker, who opposed additional asset purchases and disagreed with the description of the time period over which a highly accommodative stance of monetary policy will remain appropriate."
2012-12-12,"Jeffrey M. Lacker, who opposed the asset purchase program and the characterization of the conditions under which an exceptionally low range for the federal funds rate will be appropriate."
2013-01-30,"Esther L. George, who was concerned that the continued high level of monetary accommodation increased the risks of future economic and financial imbalances and, over time, could cause an increase in long-term inflation expectations."
2013-03-20,"Esther L. George, who was concerned that the continued high level of monetary accommodation increased the risks of future economic and financial imbalances and, over time, could cause an increase in long-term inflation expectations."
2013-05-01,"Esther L. George, who was concerned that the continued high level of monetary accommodation increased the risks of future economic and financial imbalances and, over time, could cause an increase in long-term inflation expectations."
2013-06-19,"James Bullard, who believed that the Committee should signal more strongly its willingness to defend its inflation goal in light of recent low inflation readings, and Esther L. George, who was concerned that the continued high level of monetary accommodation increased the risks of future economic and financial imbalances."
2013-07-31,"Esther L. George, who was concerned that the continued high level of monetary accommodation increased the risks of future economic and financial imbalances and, over time, could cause an increase in long-term inflation expectations."
2013-09-18,"Esther L. George, who was concerned that the continued high level of monetary accommodation increased the risks of future economic and financial imbalances and, over time, could cause an increase in long-term inflation expectations."
2013-10-30,"Esther L. George, who was concerned that the continued high level of monetary accommodation increased the risks of future economic and financial imbalances and, over time, could cause an increase in long-term inflation expectations."
2013-12-18,"Eric S. Rosengren, who believes that, with the unemployment rate still elevated and the inflation rate well below the target, changes in the purchase program are premature until incoming data more clearly indicate that economic growth is likely to be sustained above its potential rate."
2014-03-19,"Narayana Kocherlakota, who supported the sixth paragraph, but believed the fifth paragraph weakens the credibility of the Committee's commitment to return inflation to the 2 percent target from below and fosters policy uncertainty that hinders economic activity."
2014-07-30,"Charles I. Plosser, who objected to the guidance indicating that it likely will be appropriate to maintain the current target range for the federal funds rate for ""a considerable time after the asset purchase program ends,"" because such language is time dependent."
2014-09-17,"Richard W. Fisher and Charles I. Plosser. President Fisher believed that the continued strengthening of the real economy, improved outlook for labor utilization and for general price stability, and continued signs of financial market excess, will likely warrant an earlier reduction in monetary accommodation than is suggested by the Committee's stated forward guidance. President Plosser objected to the ""considerable time"" guidance."
2014-10-29,"Narayana Kocherlakota, who believed that, in light of continued sluggishness in the inflation outlook and the recent slide in market-based measures of longer-term inflation expectations, the Committee should commit to keeping the current target range at least until the one-to-two-year ahead inflation outlook has returned to 2 percent."
2014-12-17,"Richard W. Fisher, who believed improvement in U.S. economic performance since October has moved forward the date when it will likely be appropriate to increase the federal funds rate; Narayana Kocherlakota, who believed the Committee's decision created undue downside risk to the credibility of the 2 percent inflation target; and Charles I. Plosser, who believed the statement should not stress the ""considerable time"" language."
2015-09-17,"Jeffrey M. Lacker, who preferred to raise the target range for the federal funds rate by 25 basis points at this meeting."
2015-10-28,"Jeffrey M. Lacker, who preferred to raise the target range for the federal funds rate by 25 basis points at this meeting."
2016-03-16,"Esther L. George, who preferred at this meeting to raise the target range for the federal funds rate to 1/2 to 3/4 percent."
2016-04-27,"Esther L. George, who preferred at this meeting to raise the target range for the federal funds rate to 1/2 to 3/4 percent."
2016-07-27,"Esther L. George, who preferred at this meeting to raise the target range for the federal funds rate to 1/2 to 3/4 percent."
2016-09-21,"Esther L. George, Loretta J. Mester, and Eric Rosengren, each of whom preferred at this meeting to raise the target range for the federal funds rate to 1/2 to 3/4 percent."
2016-11-02,"Esther L. George and Loretta J. Mester, each of whom preferred at this meeting to raise the target range for the federal funds rate to 1/2 to 3/4 percent."
2017-03-15,"Neel Kashkari, who preferred at this meeting to maintain the existing target range for the federal funds rate."
2017-06-14,"Neel Kashkari, who preferred at this meeting to maintain the existing target range for the federal funds rate."
2017-12-13,"Charles L. Evans and Neel Kashkari, who preferred at this meeting to maintain the existing target range for the federal funds rate."
2019-06-19,"James Bullard, who preferred at this meeting to lower the target range for the federal funds rate by 25 basis points."
2019-07-31,"Esther L. George and Eric S. Rosengren, who preferred at this meeting to maintain the target range for the federal funds rate at 2-1/4 to 2-1/2 percent."
2019-09-18,"James Bullard, who preferred at this meeting to lower the target range to 1-1/2 to 1-3/4 percent; and Esther L. George and Eric S. Rosengren, who preferred to maintain the target range at 2 percent to 2-1/4 percent."
2019-10-30,"Esther L. George and Eric S. Rosengren, who preferred at this meeting to maintain the target range at 1-3/4 percent to 2 percent."
2020-03-15,"Loretta J. Mester, who was fully supportive of all of the actions taken to promote the smooth functioning of markets and the flow of credit to households and businesses but preferred to reduce the target range for the federal funds rate to 1/2 to 3/4 percent at this meeting."
2020-09-16,"Robert S. Kaplan, who prefers that the Committee retain greater policy rate flexibility; and Neel Kashkari, who prefers that the Committee indicate that it expects to maintain the current target range until core inflation has reached 2 percent on a sustained basis."
2022-03-16,"James Bullard, who preferred at this meeting to raise the target range for the federal funds rate by 0.5 percentage point to 1/2 to 3/4 percent. Patrick Harker voted as an alternate member at this meeting."
2022-06-15,"Esther L. George, who preferred at this meeting to raise the target range for the federal funds rate by 0.5 percentage point to 1-1/4 percent to 1-1/2 percent. Patrick Harker voted as an alternate member at this meeting."
2024-09-18,"Michelle W. Bowman, who preferred to lower the target range for the federal funds rate by 1/4 percentage point at this meeting."
2024-12-18,"Beth M. Hammack, who preferred to maintain the target range for the federal funds rate at 4-1/2 to 4-3/4 percent."
2025-03-19,"Christopher J. Waller, who supported no change for the federal funds target range but preferred to continue the current pace of decline in securities holdings."
2025-07-30,"Michelle W. Bowman and Christopher J. Waller, who preferred to lower the target range for the federal funds rate by 1/4 percentage point at this meeting. Absent and not voting was Adriana D. Kugler."
2025-09-17,"Stephen I. Miran, who preferred to lower the target range for the federal funds rate by 1/2 percentage point at this meeting."
2025-10-29,"Stephen I. Miran, who preferred to lower the target range by 1/2 percentage point at this meeting, and Jeffrey R. Schmid, who preferred no change to the target range at this meeting."
2025-12-10,"Stephen I. Miran, who preferred to lower the target range by 1/2 percentage point at this meeting; and Austan D. Goolsbee and Jeffrey R. Schmid, who preferred no change to the target range at this meeting."
2026-01-28,"Stephen I. Miran and Christopher J. Waller, who preferred to lower the target range for the federal funds rate by 1/4 percentage point at this meeting."
2026-03-18,"Stephen I. Miran, who preferred to lower the target range for the federal funds rate by 1/4 percentage point at this meeting."
2026-04-29,"Stephen I. Miran, who preferred to lower the target range by 1/4 percentage point at this meeting; and Beth M. Hammack, Neel Kashkari, and Lorie K. Logan, who supported maintaining the target range but did not support inclusion of an easing bias in the statement at this time."
2026-07-29,"Beth M. Hammack, Neel Kashkari, and Lorie K. Logan, who preferred to raise the target range for the federal funds rate by 1/4 percentage point at this meeting."
